<?xml version="1.0" encoding="UTF-8"?>
<!DOCTYPE suite SYSTEM "http://testng.org/testng-1.0.dtd">
<suite name="Suite">
<listeners>
        <listener class-name="com.epam.reportportal.testng.ReportPortalTestNGListener" />
</listeners>

  <test thread-count="5" name="Test" preserve-order="true">
  
  <groups>
 <run>	
 <include name="Sanity" />
 </run>
 </groups>
    <classes>
       
      
    <class name="com.ttn.TestCases.UsersTest"/>
       
    <!--  <class name="com.ttn.TestCases.LoginTest"/>
    <class name="com.ttn.TestCases.OTP_GenerationTest"/> -->
     
  </classes>
  </test> 
</suite> 
